id,day,block,trial,first_image,second_image,first_press,correct,real_prep_time
000,1,7,1,6,6,5,0,0.548856136539598
000,1,7,2,3,8,5,0,-1.4175637341209
000,1,7,3,3,8,5,0,-1.20451443047114
000,1,7,4,6,6,5,0,0.0996928499071146
000,1,7,5,8,8,5,0,0.558118612979797
