id,day,block,trial,first_image,second_image,first_press,correct,real_prep_time
000,1,7,1,6,6,5,0,0.607255270203268
000,1,7,2,3,8,5,0,-1.7862798101628
000,1,7,3,3,8,5,0,-0.602892877656586
000,1,7,4,6,6,5,0,1.72507224448782
000,1,7,5,8,8,5,0,1.51202151449002
