id,day,block,trial,first_image,second_image,first_press,correct,real_prep_time
000,1,1,1,6,6,6,1,1.46948786004577
000,1,1,2,3,8,3,0,-0.947077572167473
000,1,1,3,3,8,3,0,-0.89965701451365
000,1,1,4,6,6,6,1,0.881179275675095
000,1,1,5,8,8,8,1,1.89979744210359
