id,day,block,trial,first_image,second_image,first_press,correct,real_prep_time
000,1,7,1,6,6,5,0,0.276576474243029
000,1,7,2,3,8,5,0,-0.973337340386479
000,1,7,3,3,8,5,0,-0.518130859638177
000,1,7,4,6,6,5,0,1.09125671816059
000,1,7,5,8,8,5,0,1.09331465899754
