id,day,block,trial,first_image,second_image,first_press,correct,real_prep_time
000,1,1,1,6,6,6,1,1.49562763608992
000,1,1,2,3,8,3,0,-0.828823299765645
000,1,1,3,3,8,3,0,-0.18917046218121
000,1,1,4,6,6,6,1,1.93036835234307
000,1,1,5,8,8,8,1,0.741209243711637
