id,day,block,trial,first_image,second_image,first_press,correct,real_prep_time
000,1,7,1,6,6,5,0,1.42672596667899
000,1,7,2,3,8,5,0,-0.994653898953061
000,1,7,3,3,8,5,0,-0.851522963199614
000,1,7,4,6,6,5,0,0.674488182039909
000,1,7,5,8,8,NaN,0,NaN
