id,day,block,trial,first_image,second_image,first_press,correct,real_prep_time
000,1,7,1,6,6,5,0,0.681460654599505
000,1,7,2,3,8,5,0,-1.77997647863435
000,1,7,3,3,8,5,0,-0.0138427810368285
000,1,7,4,6,6,5,0,1.3173704600058
000,1,7,5,8,8,5,0,1.22982952541633
