id,day,block,trial,first_image,second_image,first_press,correct,real_prep_time
000,1,7,1,6,6,1,0,0.637911347864815
000,1,7,2,3,8,3,0,0.105810311438745
000,1,7,3,3,8,8,1,0.240531088876878
000,1,7,4,6,6,6,1,1.84614329092233
000,1,7,5,8,8,5,0,0.819940831198778
