id,day,block,trial,first_image,second_image,first_press,correct,real_prep_time
000,1,7,1,6,6,1,0,0.504603493746799
000,1,7,2,3,8,5,0,-0.882462854202004
000,1,7,3,3,8,9,0,-1.08599366560748
000,1,7,4,6,6,3,0,0.5712208612415
000,1,7,5,8,8,7,0,0.678503648914102
