id,day,block,trial,first_image,second_image,first_press,correct,real_prep_time
000,1,7,1,6,6,5,0,1.21284062280961
000,1,7,2,3,8,5,0,-0.959815305180314
000,1,7,3,3,8,5,0,-0.887222899332642
000,1,7,4,6,6,5,0,0.783530971963614
000,1,7,5,8,8,5,0,1.08639623134093
