id,day,block,trial,first_image,second_image,first_press,correct,real_prep_time
sub007,1,1,1,6,6,6,1,2.02798515703762
sub007,1,1,2,3,8,3,0,0.244031248199462
sub007,1,1,3,3,8,3,0,0.328198894054367
sub007,1,1,4,6,6,6,1,1.96444755225821
sub007,1,1,5,8,8,8,1,1.94552119276705
