id,day,block,trial,first_image,second_image,first_press,correct,real_prep_time
sub007,1,1,1,6,6,6,1,1.96587817224281
sub007,1,1,2,3,8,3,0,0.166174194837367
sub007,1,1,3,3,8,8,1,0.288636125060293
sub007,1,1,4,6,6,6,1,1.96030621069804
sub007,1,1,5,8,8,8,1,1.98207362358153
