id,day,block,trial,first_image,second_image,first_press,correct,real_prep_time
sub007,1,1,1,6,6,6,1,1.9565388609517
sub007,1,1,2,3,8,3,0,0.166200481027772
sub007,1,1,3,3,8,8,1,0.284719675390079
sub007,1,1,4,6,6,6,1,1.97347143811567
sub007,1,1,5,8,8,8,1,1.98306534612493
