id,day,block,trial,first_image,second_image,first_press,correct,real_prep_time
sub007,1,1,1,6,6,6,1,2.02307924327397
sub007,1,1,2,3,8,8,1,0.232796267653612
sub007,1,1,3,3,8,8,1,0.295689470014622
sub007,1,1,4,6,6,6,1,2.02754712399474
sub007,1,1,5,8,8,8,1,1.99668377814669
