id,day,block,trial,first_image,second_image,first_press,correct,real_prep_time
sub007,1,1,1,6,6,6,1,2.08254624984693
sub007,1,1,2,3,8,8,1,0.26160040364266
sub007,1,1,3,3,8,8,1,0.275093206189922
sub007,1,1,4,6,6,6,1,1.99253304798185
sub007,1,1,5,8,8,8,1,1.98169234676243
