id,day,block,trial,first_image,second_image,first_press,correct,real_prep_time
007,1,1,1,6,6,6,1,1.45701496693437
007,1,1,2,3,8,3,0,-0.932195871220756
007,1,1,3,3,8,8,1,0.286983546915508
007,1,1,4,6,6,6,1,1.98005447790274
007,1,1,5,8,8,8,1,1.91660641408998
