id,day,block,trial,first_image,second_image,first_press,correct,real_prep_time
007,1,1,1,6,6,6,1,1.97795888936889
007,1,1,2,3,8,8,1,0.249955640198095
007,1,1,3,3,8,3,0,0.285461768622554
007,1,1,4,6,6,3,0,0.784324622740314
007,1,1,5,8,8,8,1,0.938834617172688
