id,day,block,trial,first_image,second_image,first_press,correct,real_prep_time
007,1,1,1,6,6,5,0,0.376262172620045
007,1,1,2,3,8,8,1,0.129562855188851
007,1,1,3,3,8,3,0,-0.336516550101805
007,1,1,4,6,6,1,0,0.0678267127368599
007,1,1,5,8,8,5,0,0.740154030325357
