id,day,block,trial,first_image,second_image,first_press,correct,real_prep_time
007,1,1,1,6,6,6,1,1.29167209612751
007,1,1,2,3,8,1,0,-0.727779124750668
007,1,1,3,3,8,8,1,0.301758409061222
007,1,1,4,6,6,6,1,1.95240046811341
007,1,1,5,8,8,8,1,1.80027207797502
