id,day,block,trial,first_image,second_image,first_press,correct,real_prep_time
007,1,1,1,6,6,5,0,0.39955467969412
007,1,1,2,3,8,3,0,-1.1248473484593
007,1,1,3,3,8,3,0,-1.49160145856149
007,1,1,4,6,6,5,0,1.31961481785402
007,1,1,5,8,8,NaN,NaN,NaN
