id,day,block,trial,first_image,second_image,first_press,correct,real_prep_time
007,1,1,1,6,6,7,0,1.2486536444485
007,1,1,2,3,8,NaN,0,NaN
007,1,1,3,3,8,4,0,-1.66871195317071
007,1,1,4,6,6,NaN,0,NaN
007,1,1,5,8,8,7,0,-0.0439878614561167
